BunkID,ResidenceID,Bunk#,TopBottom,# on Top,Length,FTT,Single?,Bunk Ladder?,Room Type,Notes,Bed Frame,Mattress,Protector?
71301,713 Agate,1,Bottom,12,Regular,Yes,0,1,Triple room,,Wood (Light Vintage),Custom Comfort Quilt Plush,1
71302,713 Agate,2,Bottom,13,Regular,Yes,0,1,Triple room,,Wood (Light Vintage),Custom Comfort Quilt Plush,1
71303,713 Agate,3,Bottom,14,Regular,Yes,0,1,Triple room,,Wood (Light Vintage),Custom Comfort Quilt Plush,1
71304,713 Agate,4,Bottom,15,Regular,Yes,0,1,Double room,,Wood (Light Vintage),Custom Comfort Quilt Plush,1
71305,713 Agate,5,Bottom,16,Long,Yes,0,1,Double room,,Wood (Light Vintage),Custom Comfort Quilt Plush,1
71306,713 Agate,6,Bottom,17,Regular,Yes,0,1,Double room,,Wood (Light Vintage),Custom Comfort Quilt Plush,1
71307,713 Agate,7,Bottom,18,Regular,Yes,0,1,Double room,,Wood (Light Vintage),Custom Comfort Quilt Plush,1
71308,713 Agate,8,Bottom,19,Regular,Yes,0,1,Double room,,Wood (Light Vintage),Custom Comfort Quilt Plush,1
71309,713 Agate,9,Bottom,20,Regular,Yes,0,1,Double room,,Wood (Light Vintage),Custom Comfort Quilt Plush,1
71310,713 Agate,10,Bottom,21,Regular,Yes,0,1,Double room,,Wood (Light Vintage),Custom Comfort Quilt Plush,1
71311,713 Agate,11,Bottom,22,Regular,Yes,0,1,Double room,,Wood (Light Vintage),Custom Comfort Quilt Plush,1
71312,713 Agate,12,Top,1,,Yes,0,0,,,,Foam,0
71313,713 Agate,13,Top,2,,Yes,0,0,,,,Foam,0
71314,713 Agate,14,Top,3,,Yes,0,0,,,,Foam,0
71315,713 Agate,15,Top,4,,Yes,0,0,,,,Foam,0
71316,713 Agate,16,Top,5,,Yes,0,0,,,,Foam,0
71317,713 Agate,17,Top,6,,Yes,0,0,,,,Foam,0
71318,713 Agate,18,Top,7,,Yes,0,0,,,,Foam,0
71319,713 Agate,19,Top,8,,Yes,0,0,,,,Foam,0
71320,713 Agate,20,Top,9,,Yes,0,0,,,,Foam,0
71321,713 Agate,21,Top,10,,Yes,0,0,,,,Foam,0
71322,713 Agate,22,Top,11,,Yes,0,0,,,,Foam,0
90501,905 Neptune,1,Bottom,13,Long,Yes,0,0,Double room,,Metal,Foam,0
90502,905 Neptune,2,Bottom,14,Regular,Yes,0,0,Double room,,Metal,Foam,0
90503,905 Neptune,3,Bottom,15,Regular,Yes,0,0,Double room,,Metal,Foam,0
90504,905 Neptune,4,Bottom,16,Regular,Yes,0,0,Double room,,Metal,Foam,0
90505,905 Neptune,5,Bottom,17,Regular,Yes,0,0,Double room,,Metal,Tatami,0
90506,905 Neptune,6,Bottom,18,Regular,Yes,0,0,Double room,,Metal,Foam,0
90507,905 Neptune,7,Bottom,19,Regular,Yes,1,0,Single room,,Metal,Foam,0
90508,905 Neptune,8,Bottom,20,Regular,Yes,1,0,Single room,,Metal,Vintage Spinal Support Supreme,0
90509,905 Neptune,9,Bottom,21,Regular,Yes,0,0,Double room,,Metal,Foam,0
90510,905 Neptune,10,Bottom,22,Regular,Yes,0,0,Double room,,Metal,Foam,0
90511,905 Neptune,11,Bottom,23,Regular,Yes,1,0,Double room,,Cot Irregular,Custom Comfort Quilt 2,0
90512,905 Neptune,12,Bottom,24,Regular,Yes,1,0,Double room,,Cot Irregular,Custom Comfort Quilt 2,0
90513,905 Neptune,13,Top,1,,Yes,0,0,,,,Foam,0
90514,905 Neptune,14,Top,2,,Yes,0,0,,,,Foam,0
90515,905 Neptune,15,Top,3,,Yes,0,0,,,,Foam,0
90516,905 Neptune,16,Top,4,,Yes,0,0,,,,Foam,0
90517,905 Neptune,17,Top,5,,Yes,0,0,,,,Foam,0
90518,905 Neptune,18,Top,6,,Yes,0,0,,,,Foam,0
90519,905 Neptune,19,Top,7,,No,0,0,,,,n/a,0
90520,905 Neptune,20,Top,8,,No,0,0,,,,n/a,0
90521,905 Neptune,21,Top,9,,Yes,0,0,,,,Foam,0
90522,905 Neptune,22,Top,10,,Yes,0,0,,,,Foam,0
90523,905 Neptune,23,Top,11,,No,0,0,,,,n/a,0
90524,905 Neptune,24,Top,12,,No,0,0,,,,n/a,0
124001,1240 Nutwood,1,Bottom,10,Regular,Yes,1,0,Double room,,Wood (Irregular),Leader Orthopedic,0
124002,1240 Nutwood,2,Bottom,11,Regular,Yes,1,0,Double room,,Wood (Irregular),Custom Comfort Quilt 3,0
124003,1240 Nutwood,3,Bottom,12,Regular,Yes,0,0,Double room,,Metal,Foam,0
124004,1240 Nutwood,4,Bottom,13,Regular,Yes,0,0,Double room,,Metal,Foam,0
124005,1240 Nutwood,5,Bottom,14,Regular,Yes,0,0,Double room,,Metal,Foam,0
124006,1240 Nutwood,6,Bottom,15,Regular,Yes,0,0,Double room,,Metal,Foam,0
124007,1240 Nutwood,7,Bottom,16,Regular,Yes,0,0,Triple room,,Metal,Foam,0
124008,1240 Nutwood,8,Bottom,17,Regular,Yes,0,0,Triple room,,Metal,Foam,0
124009,1240 Nutwood,9,Bottom,18,Regular,Yes,0,0,Triple room,,Metal,Foam,0
124010,1240 Nutwood,10,Top,1,,No,0,0,,,,n/a,0
124011,1240 Nutwood,11,Top,2,,No,0,0,,,,n/a,0
124012,1240 Nutwood,12,Top,3,,Yes,0,0,,,,Foam,0
124013,1240 Nutwood,13,Top,4,,Yes,0,0,,,,Foam,0
124014,1240 Nutwood,14,Top,5,,Yes,0,0,,,,Foam,0
124015,1240 Nutwood,15,Top,6,,Yes,0,0,,,,Foam,0
124016,1240 Nutwood,16,Top,7,,Yes,0,0,,,,Foam,0
124017,1240 Nutwood,17,Top,8,,Yes,0,0,,,,Foam,0
124018,1240 Nutwood,18,Top,9,,Yes,0,0,,,,Foam,0
132101,1321 Amberwick,1,Bottom,10,Regular,Yes,0,0,Double room,,Metal,Foam,0
132102,1321 Amberwick,2,Bottom,11,Regular,Yes,0,0,Double room,,Metal,Foam,0
132103,1321 Amberwick,3,Bottom,12,Regular,Yes,1,0,Triple room,,Cot,Leader Orthopedic,0
132104,1321 Amberwick,4,Bottom,13,Regular,Yes,0,0,Triple room,,Metal,Foam,0
132105,1321 Amberwick,5,Bottom,14,Regular,Yes,0,0,Triple room,,Metal,Foam,0
132106,1321 Amberwick,6,Bottom,15,Regular,Yes,0,0,Double room,,Metal,Foam,0
132107,1321 Amberwick,7,Bottom,16,Regular,Yes,0,0,Double room,,Metal,Foam,0
132108,1321 Amberwick,8,Bottom,17,Long,Yes,0,0,Double room,,Metal,Foam,0
132109,1321 Amberwick,9,Bottom,18,Regular,Yes,0,0,Double room,,Metal,Foam,0
132110,1321 Amberwick,10,Top,1,,Yes,0,0,,,,Foam,0
132111,1321 Amberwick,11,Top,2,,Yes,0,0,,,,Foam,0
132112,1321 Amberwick,12,Top,3,,No,0,0,,,,n/a,0
132113,1321 Amberwick,13,Top,4,,Yes,0,0,,,,Foam,0
132114,1321 Amberwick,14,Top,5,,Yes,0,0,,,,Foam,0
132115,1321 Amberwick,15,Top,6,,Yes,0,0,,,,Foam,0
132116,1321 Amberwick,16,Top,7,,Yes,0,0,,,,Foam,0
132117,1321 Amberwick,17,Top,8,,Yes,0,0,,,,Foam,0
132118,1321 Amberwick,18,Top,9,,Yes,0,0,,,,Foam,0
132901,1329 Amberwick,1,Bottom,10,Regular,Yes,0,0,Triple room,,Metal,Foam,0
132902,1329 Amberwick,2,Bottom,11,Regular,Yes,0,0,Triple room,,Metal,Foam,0
132903,1329 Amberwick,3,Bottom,12,Regular,Yes,0,0,Triple room,,Metal,Foam,0
132904,1329 Amberwick,4,Bottom,13,Regular,Yes,0,0,Double room,,Metal,Foam,0
132905,1329 Amberwick,5,Bottom,14,Regular,Yes,0,0,Double room,,Metal,Tatami,0
132906,1329 Amberwick,6,Bottom,15,Regular,Yes,0,0,Double room,,Metal,Tatami,0
132907,1329 Amberwick,7,Bottom,16,Regular,Yes,0,0,Double room,,Metal,Foam,0
132908,1329 Amberwick,8,Bottom,17,Regular,Yes,0,0,Double room,,Metal,Foam,0
132909,1329 Amberwick,9,Bottom,18,Regular,Yes,0,0,Double room,,Metal,Foam,0
132910,1329 Amberwick,10,Top,1,,Yes,0,0,,,,Foam,0
132911,1329 Amberwick,11,Top,2,,No,0,0,,,,Foam,0
132912,1329 Amberwick,12,Top,3,,Yes,0,0,,,,Foam,0
132913,1329 Amberwick,13,Top,4,,Yes,0,0,,,,Foam,0
132914,1329 Amberwick,14,Top,5,,Yes,0,0,,,,Foam,0
132915,1329 Amberwick,15,Top,6,,Yes,0,0,,,,Foam,0
132916,1329 Amberwick,16,Top,7,,Yes,0,0,,,,Foam,0
132917,1329 Amberwick,17,Top,8,,Yes,0,0,,,,Foam,0
132918,1329 Amberwick,18,Top,9,,No,0,0,,,,Foam,0
135601,1356 Nutwood,1,Bottom,8,Regular,Yes,0,0,Double room,,Metal,Foam,0
135602,1356 Nutwood,2,Bottom,9,Regular,Yes,0,0,Double room,,Metal,Foam,0
135603,1356 Nutwood,3,Bottom,10,Regular,Yes,0,0,Triple room,,Metal,Foam,0
135604,1356 Nutwood,4,Bottom,11,Regular,Yes,1,0,Triple room,,Cot,Custom Comfort Quilt Plush,0
135605,1356 Nutwood,5,Bottom,12,Regular,Yes,0,0,Triple room,,Metal,Foam,0
135606,1356 Nutwood,6,Bottom,13,Regular,Yes,0,0,Double room,,Metal,Foam,0
135607,1356 Nutwood,7,Bottom,14,Long,Yes,0,0,Double room,,Metal,Foam,0
135608,1356 Nutwood,8,Top,1,,Yes,0,0,,,,Foam,0
135609,1356 Nutwood,9,Top,2,,Yes,0,0,,,,Foam,0
135610,1356 Nutwood,10,Top,3,,Yes,0,0,,,,Foam,0
135611,1356 Nutwood,11,Top,4,,No,0,0,,,,n/a,0
135612,1356 Nutwood,12,Top,5,,Yes,0,0,,,,Foam,0
135613,1356 Nutwood,13,Top,6,,Yes,0,0,,,,Foam,0
135614,1356 Nutwood,14,Top,7,,Yes,0,0,,,,Foam,0
173001,1730 Niobe,1,Bottom,9,Regular,Yes,0,0,Double room,,Metal,Foam,0
173002,1730 Niobe,2,Bottom,10,Regular,Yes,0,0,Double room,,Metal,Foam,0
173003,1730 Niobe,3,Bottom,11,Regular,Yes,0,0,Double room,,Metal,Foam,0
173004,1730 Niobe,4,Bottom,12,Regular,Yes,0,0,Double room,,Metal,Foam,0
173005,1730 Niobe,5,Bottom,13,Long,Yes,0,0,Double room,,Metal,Foam,0
173006,1730 Niobe,6,Bottom,14,Regular,Yes,0,0,Double room,,Metal,Foam,0
173007,1730 Niobe,7,Bottom,15,Long,Yes,0,0,Double room,,Metal,Foam,0
173008,1730 Niobe,8,Bottom,16,Regular,Yes,0,0,Double room,,Metal,Foam,0
173009,1730 Niobe,9,Top,1,,Yes,0,0,,,,Foam,0
173010,1730 Niobe,10,Top,2,,Yes,0,0,,,,Foam,0
173011,1730 Niobe,11,Top,3,,Yes,0,0,,,,Foam,0
173012,1730 Niobe,12,Top,4,,Yes,0,0,,,,Foam,0
173013,1730 Niobe,13,Top,5,,Yes,0,0,,,,Foam,0
173014,1730 Niobe,14,Top,6,,Yes,0,0,,,,Foam,0
173015,1730 Niobe,15,Top,7,,Yes,0,0,,,,Foam,0
173016,1730 Niobe,16,Top,8,,Yes,0,0,,,,Foam,0
176701,1767 Minerva,1,Bottom,9,Regular,Yes,1,0,Double room,,Wood (Honey),Custom Comfort Quilt Plush,0
176702,1767 Minerva,2,Bottom,10,Regular,Yes,0,0,Double room,,Metal,Foam,0
176703,1767 Minerva,3,Bottom,11,Long,Yes,0,0,Double room,,Metal,Foam,0
176704,1767 Minerva,4,Bottom,12,Long,Yes,0,0,Double room,,Metal,Foam,0
176705,1767 Minerva,5,Bottom,13,Regular,Yes,0,0,Double room,,Metal,Foam,0
176706,1767 Minerva,6,Bottom,14,Regular,Yes,0,0,Double room,,Metal,Foam,0
176707,1767 Minerva,7,Bottom,15,Regular,Yes,0,0,Double room,,Metal,Tatami,0
176708,1767 Minerva,8,Bottom,16,Regular,Yes,1,0,Double room,,Cot,Leader Orthopedic,0
176709,1767 Minerva,9,Top,1,,No,0,0,,,,n/a,0
176710,1767 Minerva,10,Top,2,,Yes,0,0,,,,Foam,0
176711,1767 Minerva,11,Top,3,,Yes,0,0,,,,Foam,0
176712,1767 Minerva,12,Top,4,,Yes,0,0,,,,Foam,0
176713,1767 Minerva,13,Top,5,,No,0,0,,,,MISSING FOAM,0
176714,1767 Minerva,14,Top,6,,Yes,0,0,,,,Foam,0
176715,1767 Minerva,15,Top,7,,Yes,0,0,,,,Foam,0
176716,1767 Minerva,16,Top,8,,No,0,0,,,,n/a,0
177501,1775 Castle,1,Bottom,7,Regular,Yes,0,0,Double room,,Metal,Foam,0
177502,1775 Castle,2,Bottom,8,Regular,Yes,0,0,Double room,,Metal,Tatami,0
177503,1775 Castle,3,Bottom,9,Regular,Yes,0,0,Double room,,Metal,Foam,0
177504,1775 Castle,4,Bottom,10,Regular,Yes,0,0,Double room,,Metal,Foam,0
177505,1775 Castle,5,Bottom,11,Long,Yes,0,0,Double room,,Metal,Foam,0
177506,1775 Castle,6,Bottom,12,Long,Yes,0,0,Double room,,Metal,Foam,0
177507,1775 Castle,7,Top,1,,Yes,0,0,,,,Foam,0
177508,1775 Castle,8,Top,2,,Yes,0,0,,,,Foam,0
177509,1775 Castle,9,Top,3,,No,0,0,,,,MISSING FOAM,0
177510,1775 Castle,10,Top,4,,Yes,0,0,,,,Foam,0
177511,1775 Castle,11,Top,5,,Yes,0,0,,,,Foam,0
177512,1775 Castle,12,Top,6,,Yes,0,0,,,,Foam,0
177513,1775 Castle Couple,7,Queen-A,8,,Yes,0,0,Couple,,,,0
177514,1775 Castle Couple,8,Queen-B,7,,Yes,0,0,Couple,,,,0
177901,1779 Colonial,1,Bottom,9,Regular,Yes,0,0,Double room,,Metal,Foam,0
177902,1779 Colonial,2,Bottom,10,Regular,Yes,0,0,Double room,,Metal,Foam,0
177903,1779 Colonial,3,Bottom,11,Long,Yes,0,0,Double room,,Metal,Foam,0
177904,1779 Colonial,4,Bottom,12,Regular,Yes,0,0,Double room,,Metal,Foam,0
177905,1779 Colonial,5,Bottom,13,Regular,Yes,0,0,Double room,,Metal,Foam,0
177906,1779 Colonial,6,Bottom,14,Regular,Yes,0,0,Double room,,Metal,Foam,0
177907,1779 Colonial,7,Bottom,15,Regular,Yes,0,0,Double room,,Metal,Foam,0
177908,1779 Colonial,8,Bottom,16,Regular,Yes,1,0,Double room,,Cot,Leader Orthopedic,0
177909,1779 Colonial,9,Top,1,,Yes,0,0,,,,Foam,0
177910,1779 Colonial,10,Top,2,,Yes,0,0,,,,Foam,0
177911,1779 Colonial,11,Top,3,,Yes,0,0,,,,Foam,0
177912,1779 Colonial,12,Top,4,,No,0,0,,,,MISSING FOAM,0
177913,1779 Colonial,13,Top,5,,Yes,0,0,,,,Foam,0
177914,1779 Colonial,14,Top,6,,Yes,0,0,,,,Foam,0
177915,1779 Colonial,15,Top,7,,Yes,0,0,,,,MISSING FOAM,0
177916,1779 Colonial,16,Top,8,,Yes,0,0,,,,n/a,0
180701,1807 Chalet,1,Bottom,7,Regular,Yes,0,0,Double room,,Metal,Foam,0
180702,1807 Chalet,2,Bottom,8,Long,Yes,0,0,Double room,,Metal,Foam,0
180703,1807 Chalet,3,Bottom,9,Regular,Yes,0,0,Double room,,Metal,Foam,0
180704,1807 Chalet,4,Bottom,10,Regular,Yes,0,0,Double room,,Metal,Foam,0
180705,1807 Chalet,5,Bottom,11,Long,Yes,0,0,Double room,,Metal,Foam,0
180706,1807 Chalet,6,Bottom,12,Regular,Yes,1,0,Double room,,Cot,Custom Comfort Quilt Plush,0
180707,1807 Chalet,7,Top,1,,Yes,0,0,,,,Foam,0
180708,1807 Chalet,8,Top,2,,Yes,0,0,,,,Foam,0
180709,1807 Chalet,9,Top,3,,Yes,0,0,,,,Foam,0
180710,1807 Chalet,10,Top,4,,No,0,0,,,,MISSING FOAM,0
180711,1807 Chalet,11,Top,5,,Yes,0,0,,,,Foam,0
180712,1807 Chalet,12,Top,6,,No,0,0,,,,n/a,0
182701,1827 Beacon,1,Bottom,9,Long,Yes,0,0,Double room,,Metal,Foam,0
182702,1827 Beacon,2,Bottom,10,Regular,Yes,0,0,Double room,,Metal,Foam,0
182703,1827 Beacon,3,Bottom,11,Regular,Yes,0,0,Double room,,Metal,Foam,0
182704,1827 Beacon,4,Bottom,12,Regular,Yes,0,0,Double room,,Metal,Foam,0
182705,1827 Beacon,5,Bottom,13,Regular,Yes,0,0,Double room,,Metal,Foam,0
182706,1827 Beacon,6,Bottom,14,Regular,Yes,0,0,Double room,,Metal,Foam,0
182707,1827 Beacon,7,Bottom,15,Regular,Yes,0,0,Double room,,Metal,Foam,0
182708,1827 Beacon,8,Bottom,16,Regular,Yes,0,0,Double room,,Metal,Foam,0
182709,1827 Beacon,9,Top,1,,Yes,0,0,,,,Foam,0
182710,1827 Beacon,10,Top,2,,Yes,0,0,,,,Foam,0
182711,1827 Beacon,11,Top,3,,Yes,0,0,,,,Foam,0
182712,1827 Beacon,12,Top,4,,No,0,0,,,,Foam,0
182713,1827 Beacon,13,Top,5,,Yes,0,0,,,,Foam,0
182714,1827 Beacon,14,Top,6,,Yes,0,0,,,,Foam,0
182715,1827 Beacon,15,Top,7,,Yes,0,0,,,,Foam,0
182716,1827 Beacon,16,Top,8,,Yes,0,0,,,,Foam,0
1BAL01,Ball Apt. 1,1,Bottom,12,Regular,Yes,0,0,Double room,,Wood (Light Vintage),Custom Comfort Quilt Plush,1
1BAL02,Ball Apt. 1,2,Bottom,13,Regular,Yes,0,0,Double room,,Wood (Light Vintage),Custom Comfort Quilt Plush,1
1BAL03,Ball Apt. 1,3,Bottom,14,Regular,Yes,0,0,Double room,,Wood (Light Vintage),Custom Comfort Quilt Plush,1
1BAL04,Ball Apt. 1,4,Bottom,15,Regular,Yes,0,0,Double room,,Wood (Light Vintage),Custom Comfort Quilt Plush,1
1BAL05,Ball Apt. 1,5,Bottom,16,Regular,Yes,0,0,Double room,,Wood (Light Vintage),Custom Comfort Quilt Plush,1
1BAL06,Ball Apt. 1,6,Bottom,17,Regular,Yes,0,0,Double room,,Wood (Light Vintage),Custom Comfort Quilt Plush,1
1BAL07,Ball Apt. 1,7,Bottom,18,Regular,Yes,0,0,Double room,,Wood (Light Vintage),Custom Comfort Quilt Plush,1
1BAL08,Ball Apt. 1,8,Bottom,19,Regular,Yes,0,0,Double room,,Wood (Light Vintage),Custom Comfort Quilt Plush,1
1BAL09,Ball Apt. 1,9,Bottom,20,Regular,Yes,0,0,Double room,,Wood (Light Vintage),Custom Comfort Quilt Plush,1
1BAL10,Ball Apt. 1,10,Bottom,21,Regular,Yes,0,0,Double room,,Wood (Light Vintage),Custom Comfort Quilt Plush,1
1BAL11,Ball Apt. 1,11,Bottom,22,Regular,Yes,1,0,Single room,,Wood (Light Vintage),Custom Comfort Quilt Plush,1
1BAL12,Ball Apt. 1,12,Top,1,,Yes,0,0,,,,Foam,0
1BAL13,Ball Apt. 1,13,Top,2,,Yes,0,0,,,,Foam,0
1BAL14,Ball Apt. 1,14,Top,3,,Yes,0,0,,,,Foam,0
1BAL15,Ball Apt. 1,15,Top,4,,Yes,0,0,,,,Foam,0
1BAL16,Ball Apt. 1,16,Top,5,,Yes,0,0,,,,Foam,0
1BAL17,Ball Apt. 1,17,Top,6,,Yes,0,0,,,,Foam,0
1BAL18,Ball Apt. 1,18,Top,7,,Yes,0,0,,,,Foam,0
1BAL19,Ball Apt. 1,19,Top,8,,Yes,0,0,,,,Foam,0
1BAL20,Ball Apt. 1,20,Top,9,,Yes,0,0,,,,Foam,0
1BAL21,Ball Apt. 1,21,Top,10,,Yes,0,0,,,,Foam,0
1BAL22,Ball Apt. 1,22,Top,11,,No,0,0,,,,Foam,0
1EHA01,Hall Apt. 1-East,1,Queen-A,2,,No,0,0,Couple,Silva,,,0
1EHA02,Hall Apt. 1-East,2,Queen-B,1,,No,0,0,Couple,Silva,,,0
1WHA01,Hall Apt. 1-West,1,Queen-A,2,,Yes,0,0,Couple,,,,0
1WHA02,Hall Apt. 1-West,2,Queen-B,1,,Yes,0,0,Couple,,,,0
210201,2102 Grace,1,Bottom,10,Regular,Yes,0,1,Triple room,,Wood (Walnut),Custom Comfort Quilt 3,0
210202,2102 Grace,2,Bottom,11,Regular,Yes,0,1,Triple room,,Wood (Walnut),Custom Comfort Quilt Plush,0
210225,2102 Grace,25,Bottom,26,Long,Yes,1,0,Triple room,,Wood (Walnut),Personal,0
210226,2102 Grace,26,Top,25,,No,0,0,,,,n/a,0
210203,2102 Grace,3,Bottom,12,Regular,Yes,0,1,Double room,,Wood (Walnut),Leader Orthopedic,0
210204,2102 Grace,4,Bottom,13,Regular,Yes,0,1,Double room,,Wood (Walnut),Custom Comfort Quilt Plush,1
210205,2102 Grace,5,Bottom,14,Regular,Yes,0,1,Double room,,Wood (Walnut),Leader Orthopedic,0
210206,2102 Grace,6,Bottom,15,Regular,Yes,0,1,Double room,,Wood (Walnut),Custom Comfort Quilt 3,0
210207,2102 Grace,7,Bottom,16,Regular,Yes,0,1,Triple room,,Wood (Walnut),Up and Under - Blue Flowers,0
210208,2102 Grace,8,Bottom,17,Regular,Yes,0,1,Triple room,,Wood (Walnut),Custom Comfort Quilt 3,0
210209,2102 Grace,9,Bottom,18,Long,Yes,0,1,Triple room,,Wood (Walnut),Custom Comfort Quilt 3,0
210210,2102 Grace,10,Top,1,,Yes,0,0,,,,Up and Under - Blue Flowers,0
210211,2102 Grace,11,Top,2,,Yes,0,0,,,,Up and Under - Blue Flowers,0
210212,2102 Grace,12,Top,3,,Yes,0,0,,,,Up and Under - Blue Flowers,0
210213,2102 Grace,13,Top,4,,Yes,0,0,,,,Up and Under - Blue Flowers,0
210214,2102 Grace,14,Top,5,,Yes,0,0,,,,Up and Under - Blue Flowers,0
210215,2102 Grace,15,Top,6,,Yes,0,0,,,,Up and Under - Blue Flowers,0
210216,2102 Grace,16,Top,7,,Yes,0,0,,,,Up and Under - Blue Flowers,0
210217,2102 Grace,17,Top,8,,Yes,0,0,,,,Up and Under - Dinosaurs,0
210218,2102 Grace,18,Top,9,,Yes,0,0,,,,Up and Under - Blue Flowers,0
210219,2102 Grace Ct. Couple,19,Queen-A,20,Regular,Yes,0,0,Couple,,Metal,Soft Dreamer,0
210220,2102 Grace Ct. Couple,20,Queen-B,19,Regular,Yes,0,0,Couple,,Metal,Soft Dreamer,0
210301,2103 Grace,1,Bottom,8,Regular,Yes,1,1,Double room,,Wood (Walnut),Custom Comfort Quilt Plush,1
210302,2103 Grace,2,Bottom,9,Regular,Yes,0,1,Double room,,Wood (Walnut),Golden 21st Century II,0
210303,2103 Grace,3,Bottom,10,Regular,Yes,1,1,Double room,,Wood (Walnut),Custom Comfort Quilt Plush,1
210304,2103 Grace,4,Bottom,11,Regular,Yes,1,1,Double room,,Wood (Walnut),Leader Orthopedic,0
210305,2103 Grace,5,Bottom,12,Regular,Yes,0,1,Triple room,,Wood (Walnut),Leader Orthopedic,0
210306,2103 Grace,6,Bottom,13,Regular,Yes,1,1,Triple room,,Wood (Walnut),Leader Orthopedic,0
210307,2103 Grace,7,Bottom,14,Regular,Yes,1,1,Triple room,,Wood (Walnut),Leader Orthopedic,0
210308,2103 Grace,8,Top,1,,No,0,0,,,,n/a,0
210309,2103 Grace,9,Top,2,,Yes,0,0,,,,Regal Splendor,0
210310,2103 Grace,10,Top,3,,No,0,0,,,,n/a,0
210311,2103 Grace,11,Top,4,,No,0,0,,,,n/a,0
210312,2103 Grace,12,Top,5,,Yes,0,0,,,,Up and Under - Blue Flowers,0
210313,2103 Grace,13,Top,6,,No,0,0,,,,n/a,0
210314,2103 Grace,14,Top,7,,No,0,0,,,,n/a,0
210401,2104 Grace,1,Bottom,10,Regular,Yes,0,1,Double room,,Wood (Walnut),Leader Orthopedic,0
210402,2104 Grace,2,Bottom,11,Regular,Yes,1,1,Double room,,Wood (Walnut),Custom Comfort Quilt Plush,1
210403,2104 Grace,3,Bottom,12,Regular,Yes,0,1,Double room,,Wood (Walnut),Custom Comfort Quilt 3,0
210404,2104 Grace,4,Bottom,13,Regular,Yes,0,1,Double room,,Wood (Walnut),Golden 21st Century II,0
210405,2104 Grace,5,Bottom,14,Regular,Yes,0,1,Double room,,Wood (Walnut),Custom Comfort Quilt Plush,0
210406,2104 Grace,6,Bottom,15,Regular,Yes,0,1,Double room,,Wood (Walnut),Leader Orthopedic,0
210407,2104 Grace,7,Bottom,16,Regular,Yes,0,1,Triple room,,Wood (Walnut),Up and Under - Blue Flowers,0
210408,2104 Grace,8,Bottom,17,Regular,Yes,0,1,Triple room,,Wood (Walnut),Up and Under - Dinosaurs,0
210409,2104 Grace,9,Bottom,18,Regular,Yes,0,1,Triple room,,Wood (Walnut),Custom Comfort Quilt Plush,1
210410,2104 Grace,10,Top,1,,Yes,0,0,,,,Up and Under - Blue Flowers,0
210411,2104 Grace,11,Top,2,,Yes,0,0,,,,Up and Under - Blue Flowers,0
210412,2104 Grace,12,Top,3,,Yes,0,0,,,,Up and Under - Blue Flowers,0
210413,2104 Grace,13,Top,4,,Yes,0,0,,,,Up and Under - Blue Flowers,0
210414,2104 Grace,14,Top,5,,Yes,0,0,,,,Up and Under - Blue Flowers,0
210415,2104 Grace,15,Top,6,,Yes,0,0,,,,Up and Under - Blue Flowers,0
210416,2104 Grace,16,Top,7,,Yes,0,0,,,,Up and Under - Blue Flowers,0
210417,2104 Grace,17,Top,8,,Yes,0,0,,,,Up and Under - Blue Flowers,0
210418,2104 Grace,18,Top,9,,Yes,0,0,,,,Custom Comfort Quilt Plush,0
210419,2104 Grace,19,Bottom,22,Regular,Yes,0,1,Triple room,,Wood (Honey),Golden 21st Century II,0
210420,2104 Grace,20,Bottom,23,Regular,Yes,1,0,Triple room,,Wood (Honey),Custom Comfort Quilt Plush,1
210421,2104 Grace,21,Bottom,24,Regular,Yes,0,1,Triple room,,Wood (Honey),Custom Comfort Quilt Plush,1
210422,2104 Grace,22,Top,19,,Yes,0,0,,,,Up and Under - Blue Flowers,0
210423,2104 Grace,23,Top,20,,No,0,0,,,,n/a,0
210424,2104 Grace,24,Top,21,,Yes,0,0,,,,Up and Under - Blue Flowers,0
210501,2105 Grace,1,Bottom,10,Regular,Yes,0,1,Double room,,Wood (Oak),Leader Orthopedic,0
210502,2105 Grace,2,Bottom,11,Regular,Yes,0,1,Double room,,Wood (Oak),Leader Orthopedic,0
210503,2105 Grace,3,Bottom,12,Regular,Yes,0,1,Double room,,Wood (Oak),Custom Comfort Quilt 3,0
210504,2105 Grace,4,Bottom,13,Regular,Yes,0,1,Double room,,Wood (Oak),Leader Orthopedic,0
210505,2105 Grace,5,Bottom,14,Regular,Yes,1,1,Double room,,Wood (Oak),Leader Orthopedic,0
210506,2105 Grace,6,Bottom,15,Regular,Yes,0,1,Double room,,Wood (Oak),Custom Comfort Quilt Plush,1
210507,2105 Grace,7,Bottom,16,Regular,Yes,0,1,Triple room,,Wood (Oak),Simmons Backguard Ambassador,0
210508,2105 Grace,8,Bottom,17,Regular,Yes,0,1,Triple room,,Wood (Oak),Custom Comfort Quilt Plush,0
210509,2105 Grace,9,Bottom,18,Regular,Yes,0,1,Triple room,,Wood (Oak),Golden 21st Century II,0
210510,2105 Grace,10,Top,1,,Yes,0,0,,,,Up and Under - Dinosaurs,0
210511,2105 Grace,11,Top,2,,Yes,0,0,,,,Custom Comfort Quilt Plush,0
210512,2105 Grace,12,Top,3,,Yes,0,0,,,,Up and Under - Dinosaurs,0
210513,2105 Grace,13,Top,4,,Yes,0,0,,,,Up and Under - Dinosaurs,0
210514,2105 Grace,14,Top,5,,No,0,0,,,,Up and Under - Dinosaurs,0
210515,2105 Grace,15,Top,6,,Yes,0,0,,,,Up and Under - Dinosaurs,0
210516,2105 Grace,16,Top,7,,Yes,0,0,,,,Up and Under - Blue Flowers,0
210517,2105 Grace,17,Top,8,,Yes,0,0,,,,Simmons Backguard Ambassador,0
210518,2105 Grace,18,Top,9,,Yes,0,0,,,,Custom Comfort Quilt 3,0
210519,2105 Grace Ct. Couple,19,Queen-A,20,,Yes,0,0,Couple,,,,0
210520,2105 Grace Ct. Couple,20,Queen-B,19,,Yes,0,0,Couple,,,,0
210601,2106 Grace,1,Bottom,10,Regular,Yes,0,1,Double room,,Wood (Oak),Golden 21st Century II,0
210602,2106 Grace,2,Bottom,11,Regular,Yes,0,1,Double room,,Wood (Oak),Golden 21st Century II,0
210603,2106 Grace,3,Bottom,12,Regular,Yes,0,1,Double room,,Wood (Oak),Leader Orthopedic,0
210604,2106 Grace,4,Bottom,13,Regular,Yes,0,1,Double room,,Wood (Oak),Golden Soft Impressions III,0
210605,2106 Grace,5,Bottom,14,Regular,Yes,0,1,Double room,,Wood (Oak),Custom Comfort Quilt Plush,1
210606,2106 Grace,6,Bottom,15,Regular,Yes,0,1,Double room,,Wood (Oak),Custom Comfort Quilt 3,0
210607,2106 Grace,7,Bottom,16,Regular,Yes,0,1,Triple room,,Wood (Oak),Custom Comfort Quilt Plush,0
210608,2106 Grace,8,Bottom,17,Regular,Yes,0,1,Triple room,,Wood (Oak),Leader Orthopedic,0
210609,2106 Grace,9,Bottom,18,Regular,Yes,0,1,Triple room,,Wood (Oak),Custom Comfort Quilt Plush,1
210610,2106 Grace,10,Top,1,,Yes,0,0,,,,Up and Under - Dinosaurs,0
210611,2106 Grace,11,Top,2,,Yes,0,0,,,,Up and Under - Dinosaurs,0
210612,2106 Grace,12,Top,3,,Yes,0,0,,,,Up and Under - Dinosaurs,0
210613,2106 Grace,13,Top,4,,Yes,0,0,,,,Up and Under - Dinosaurs,0
210614,2106 Grace,14,Top,5,,Yes,0,0,,,,Up and Under - Dinosaurs,0
210615,2106 Grace,15,Top,6,,Yes,0,0,,,,Up and Under - Dinosaurs,0
210616,2106 Grace,16,Top,7,,Yes,0,0,,,,Up and Under - Dinosaurs,0
210617,2106 Grace,17,Top,8,,Yes,0,0,,,,Up and Under - Dinosaurs,0
210618,2106 Grace,18,Top,9,,Yes,0,0,,,,Up and Under - Dinosaurs,0
210619,2106 Grace,19,Bottom,21,Regular,Yes,0,1,Double room,,Wood (Honey),Custom Comfort Quilt 3,0
210620,2106 Grace,20,Bottom,22,Regular,Yes,0,1,Double room,,Wood (Honey),Tatami,0
210621,2106 Grace,21,Top,19,,Yes,0,0,,,,Up and Under - Dinosaurs,0
210622,2106 Grace,22,Top,20,,Yes,0,0,,,,Up and Under - Dinosaurs,0
210701,2107 Grace,1,Bottom,10,Regular,Yes,0,1,Double room,,Wood (Walnut),Custom Comfort Quilt Plush,0
210702,2107 Grace,2,Bottom,11,Regular,Yes,0,1,Double room,,Wood (Walnut),Leader Orthopedic,0
210703,2107 Grace,3,Bottom,12,Regular,Yes,0,1,Double room,,Wood (Walnut),Leader Orthopedic,0
210704,2107 Grace,4,Bottom,13,Regular,Yes,0,1,Double room,,Wood (Walnut),Golden 21st Century II,0
210705,2107 Grace,5,Bottom,14,Regular,No,0,1,Double room,,Wood (Walnut),Golden 21st Century II,0
210706,2107 Grace,6,Bottom,15,Regular,Yes,0,1,Double room,,Wood (Walnut),Custom Comfort Quilt Plush,1
210707,2107 Grace,7,Bottom,16,Regular,Yes,0,1,Triple room,,Wood (Walnut),Custom Comfort Quilt Plush,1
210708,2107 Grace,8,Bottom,17,Regular,Yes,0,1,Triple room,,Wood (Walnut),Custom Comfort Quilt 3,0
210709,2107 Grace,9,Bottom,18,Regular,Yes,0,1,Triple room,,Wood (Walnut),Miracle Medipedic,0
210710,2107 Grace,10,Top,1,,Yes,0,0,,,,Regal Splendor,0
210711,2107 Grace,11,Top,2,,Yes,0,0,,,,Up and Under - Dinosaurs,0
210712,2107 Grace,12,Top,3,,Yes,0,0,,,,Up and Under - Dinosaurs,0
210713,2107 Grace,13,Top,4,,No,0,0,,,,Regal Splendor,0
210714,2107 Grace,14,Top,5,,No,0,0,,,,Up and Under - Blue Flowers,0
210715,2107 Grace,15,Top,6,,Yes,0,0,,,,Up and Under - Blue Flowers,0
210716,2107 Grace,16,Top,7,,Yes,0,0,,,,Up and Under - Blue Flowers,0
210717,2107 Grace,17,Top,8,,Yes,0,0,,,,Up and Under - Dinosaurs,0
210718,2107 Grace,18,Top,9,,No,0,0,,,,Regal Splendor,0
210719,2107 Grace,19,Bottom,22,Regular,Yes,0,1,Triple room,,Wood (Honey),Personal,1
210720,2107 Grace,20,Bottom,23,Regular,Yes,1,0,Triple room,,Wood (Honey),Golden 21st Century II,0
210721,2107 Grace,21,Bottom,24,Regular,Yes,0,1,Triple room,,Wood (Honey),Custom Comfort Quilt 3,0
210722,2107 Grace,22,Top,19,,Yes,0,0,,,,Up and Under - Dinosaurs,0
210723,2107 Grace,23,Top,20,,No,0,0,,,,n/a,0
210724,2107 Grace,24,Top,21,,No,0,0,,,,Up and Under - Dinosaurs,0
210801,2108 Grace,1,Bottom,8,Regular,Yes,0,1,Double room,,Wood (Oak),Tatami,0
210802,2108 Grace,2,Bottom,9,Regular,Yes,0,1,Double room,,Wood (Oak),Leader Orthopedic,0
210803,2108 Grace,3,Bottom,10,Regular,Yes,0,1,Double room,,Wood (Oak),Custom Comfort Quilt Plush,0
210804,2108 Grace,4,Bottom,11,Regular,Yes,0,1,Double room,,Wood (Oak),Custom Comfort Quilt Plush,0
210805,2108 Grace,5,Bottom,12,Regular,Yes,0,1,Triple room,,Wood (Oak),Leader Orthopedic,0
210806,2108 Grace,6,Bottom,14,Regular,Yes,1,1,Triple room,,Wood (Oak),Leader Orthopedic,0
210807,2108 Grace,7,Bottom,13,Regular,Yes,0,1,Triple room,,Wood (Oak),Golden 21st Century II,0
210808,2108 Grace,8,Top,1,,Yes,0,0,,,,Regal Splendor,0
210809,2108 Grace,9,Top,2,,Yes,0,0,,,,Regal Splendor,0
210810,2108 Grace,10,Top,3,,Yes,0,0,,,,Regal Splendor,0
210811,2108 Grace,11,Top,4,,Yes,0,0,,,,Up and Under - Dinosaurs,0
210812,2108 Grace,12,Top,5,,Yes,0,0,,,,Regal Splendor,0
210813,2108 Grace,13,Top,7,,Yes,0,0,,,,n/a,0
210814,2108 Grace,14,Top,6,,No,0,0,,,,Up and Under - Dinosaurs,0
210901,2109 Grace,1,Bottom,10,Regular,Yes,0,1,Double room,,Wood (Oak),Custom Comfort Quilt Plush,0
210902,2109 Grace,2,Bottom,11,Regular,Yes,0,1,Double room,,Wood (Oak),Custom Comfort Quilt 3,0
210903,2109 Grace,3,Bottom,12,Regular,Yes,0,1,Double room,,Wood (Oak),Tatami,0
210904,2109 Grace,4,Bottom,13,Regular,Yes,0,1,Double room,,Wood (Oak),Golden 21st Century II,0
210905,2109 Grace,5,Bottom,14,Regular,Yes,0,1,Double room,,Wood (Oak),Custom Comfort Quilt Plush,0
210906,2109 Grace,6,Bottom,15,Regular,Yes,0,1,Double room,,Wood (Oak),Custom Comfort Quilt 2,0
210907,2109 Grace,7,Bottom,16,Regular,Yes,0,1,Triple room,,Wood (Oak),Leader Orthopedic,0
210908,2109 Grace,8,Bottom,17,Regular,Yes,0,1,Triple room,,Wood (Oak),Leader Orthopedic,0
210909,2109 Grace,9,Bottom,18,Regular,Yes,0,1,Triple room,,Wood (Oak),Regal Splendor,0
210910,2109 Grace,10,Top,1,,Yes,0,0,,,,Up and Under - Blue Flowers,0
210911,2109 Grace,11,Top,2,,Yes,0,0,,,,Up and Under - Dinosaurs,0
210912,2109 Grace,12,Top,3,,Yes,0,0,,,,Regal Splendor,0
210913,2109 Grace,13,Top,4,,Yes,0,0,,,,Up and Under - Blue Flowers,0
210914,2109 Grace,14,Top,5,,Yes,0,0,,,,Up and Under - Dinosaurs,0
210915,2109 Grace,15,Top,6,,Yes,0,0,,,,Up and Under - Dinosaurs,0
210916,2109 Grace,16,Top,7,,Yes,0,0,,,,Up and Under - Dinosaurs,0
210917,2109 Grace,17,Top,8,,Yes,0,0,,,,Up and Under - Dinosaurs,0
210918,2109 Grace,18,Top,9,,Yes,0,0,,,,Up and Under - Dinosaurs,0
210919,2109 Grace,19,Bottom,21,Regular,Yes,0,1,Double room,,Wood (Honey),Custom Comfort Quilt Plush,0
210920,2109 Grace,20,Bottom,22,Regular,Yes,0,1,Double room,,Wood (Honey),Custom Comfort Quilt 3,0
210921,2109 Grace,21,Top,19,,Yes,0,0,,,,Up and Under - Dinosaurs,0
210922,2109 Grace,22,Top,20,,Yes,0,0,,,,Up and Under - Dinosaurs,0
211101,2111 Grace,1,Bottom,10,Regular,Yes,0,1,Double room,,Wood (Oak),Golden Stone,0
211102,2111 Grace,2,Bottom,11,Regular,Yes,0,1,Double room,,Wood (Oak),Leader Orthopedic,0
211103,2111 Grace,3,Bottom,12,Regular,Yes,0,1,Double room,,Wood (Oak),Leader Orthopedic,0
211104,2111 Grace,4,Bottom,13,Regular,Yes,0,1,Double room,,Wood (Oak),Leader Orthopedic,0
211105,2111 Grace,5,Bottom,14,Regular,Yes,0,1,Double room,,Wood (Oak),Custom Comfort Quilt Plush,1
211106,2111 Grace,6,Bottom,15,Regular,Yes,0,1,Double room,,Wood (Oak),Custom Comfort Quilt Plush,1
211107,2111 Grace,7,Bottom,16,Regular,Yes,0,1,Triple room,,Wood (Oak),Custom Comfort Quilt Plush,1
211108,2111 Grace,8,Bottom,17,Regular,Yes,0,1,Triple room,,Wood (Oak),Custom Comfort Quilt Plush,0
211109,2111 Grace,9,Bottom,18,Regular,Yes,0,1,Triple room,,Wood (Oak),Custom Comfort Quilt Plush,1
211110,2111 Grace,10,Top,1,,Yes,0,0,,,,Up and Under - Dinosaurs,0
211111,2111 Grace,11,Top,2,,Yes,0,0,,,,Up and Under - Blue Flowers,0
211112,2111 Grace,12,Top,3,,Yes,0,0,,,,Regal Splendor,0
211113,2111 Grace,13,Top,4,,Yes,0,0,,,,Regal Splendor,0
211114,2111 Grace,14,Top,5,,Yes,0,0,,,,Regal Splendor,0
211115,2111 Grace,15,Top,6,,Yes,0,0,,,,Regal Splendor,0
211116,2111 Grace,16,Top,7,,Yes,0,0,,,,Regal Splendor,0
211117,2111 Grace,17,Top,8,,Yes,0,0,,,,Regal Splendor,0
211118,2111 Grace,18,Top,9,,Yes,0,0,,,,Regal Splendor,0
211119,2111 Grace,19,Bottom,22,Regular,Yes,0,1,Triple room,,Wood (Honey),Custom Comfort Quilt Plush,0
211120,2111 Grace,20,Bottom,23,Regular,Yes,0,1,Triple room,,Wood (Honey),Custom Comfort Quilt 3,0
211121,2111 Grace,21,Bottom,24,Regular,Yes,1,0,Triple room,,Wood (Honey),Custom Comfort Quilt 3,0
211122,2111 Grace,22,Top,19,,Yes,0,0,,,,Up and Under - Dinosaurs,0
211123,2111 Grace,23,Top,20,,Yes,0,0,,,,Up and Under - Dinosaurs,0
211124,2111 Grace,24,Top,21,,No,0,0,,,,n/a,0
211301,2113 Grace,1,Bottom,10,Regular,Yes,0,1,Double room,,Wood (Oak),Custom Comfort Quilt Plush,1
211302,2113 Grace,2,Bottom,11,Regular,Yes,0,1,Double room,,Wood (Oak),Custom Comfort Quilt 2,0
211303,2113 Grace,3,Bottom,12,Regular,Yes,0,1,Double room,,Wood (Oak),Custom Comfort Quilt 3,0
211304,2113 Grace,4,Bottom,13,Regular,Yes,0,1,Double room,,Wood (Oak),Custom Comfort Quilt 3,0
211305,2113 Grace,5,Bottom,14,Regular,Yes,0,1,Double room,,Wood (Oak),Custom Comfort Quilt Plush,0
211306,2113 Grace,6,Bottom,15,Regular,Yes,0,1,Double room,,Wood (Oak),Custom Comfort Quilt Plush,0
211307,2113 Grace,7,Bottom,16,Regular,Yes,0,1,Triple room,,Wood (Oak),Custom Comfort Value Comfort,0
211308,2113 Grace,8,Bottom,17,Regular,Yes,0,1,Triple room,,Wood (Oak),Leader Orthopedic,0
211309,2113 Grace,9,Bottom,18,Regular,Yes,0,1,Triple room,,Wood (Oak),Custom Comfort Quilt Plush,1
211310,2113 Grace,10,Top,1,,Yes,0,0,,,,Up and Under - Dinosaurs,0
211311,2113 Grace,11,Top,2,,Yes,0,0,,,,Up and Under - Dinosaurs,0
211312,2113 Grace,12,Top,3,,Yes,0,0,,,,Up and Under - Dinosaurs,0
211313,2113 Grace,13,Top,4,,Yes,0,0,,,,Up and Under - Dinosaurs,0
211314,2113 Grace,14,Top,5,,Yes,0,0,,,,Up and Under - Dinosaurs,0
211315,2113 Grace,15,Top,6,,Yes,0,0,,,,Up and Under - Dinosaurs,0
211316,2113 Grace,16,Top,7,,Yes,0,0,,,,Up and Under - Dinosaurs,0
211317,2113 Grace,17,Top,8,,Yes,0,0,,,,Up and Under - Blue Flowers,0
211318,2113 Grace,18,Top,9,,Yes,0,0,,,,Up and Under - Blue Flowers,0
211319,2113 Grace Ct. Couple,19,Queen-A,20,Regular,Yes,0,0,Couple,,Metal,Soft Dreamer,0
211320,2113 Grace Ct. Couple,20,Queen-B,19,Regular,Yes,0,0,Couple,,Metal,Soft Dreamer,0
211401,2114 Grace,1,Bottom,10,Regular,Yes,0,1,Double room,,Wood (Oak),Custom Comfort Quilt 3,0
211402,2114 Grace,2,Bottom,11,Regular,Yes,0,1,Double room,,Wood (Oak),Leader Orthopedic,0
211403,2114 Grace,3,Bottom,12,Regular,Yes,0,1,Double room,,Wood (Oak),Custom Comfort Quilt 3,0
211404,2114 Grace,4,Bottom,13,Regular,Yes,0,1,Double room,,Wood (Oak),Golden 21st Century II,0
211405,2114 Grace,5,Bottom,14,Regular,Yes,0,1,Double room,,Wood (Oak),Golden 21st Century II,0
211406,2114 Grace,6,Bottom,15,Regular,Yes,0,1,Double room,,Wood (Oak),Custom Comfort Quilt Plush,0
211407,2114 Grace,7,Bottom,16,Regular,Yes,0,1,Triple room,,Wood (Oak),Golden 21st Century II,0
211408,2114 Grace,8,Bottom,17,Regular,Yes,0,1,Triple room,,Wood (Oak),Custom Comfort Quilt Plush,1
211409,2114 Grace,9,Bottom,18,Regular,Yes,0,1,Triple room,,Wood (Oak),Leader Orthopedic,0
211410,2114 Grace,10,Top,1,,Yes,0,0,,,,Up and Under - Dinosaurs,0
211411,2114 Grace,11,Top,2,,Yes,0,0,,,,Up and Under - Dinosaurs,0
211412,2114 Grace,12,Top,3,,Yes,0,0,,,,Up and Under - Dinosaurs,0
211413,2114 Grace,13,Top,4,,Yes,0,0,,,,Up and Under - Dinosaurs,0
211414,2114 Grace,14,Top,5,,Yes,0,0,,,,Up and Under - Dinosaurs,0
211415,2114 Grace,15,Top,6,,Yes,0,0,,,,Up and Under - Dinosaurs,0
211416,2114 Grace,16,Top,7,,Yes,0,0,,,,Up and Under - Dinosaurs,0
211417,2114 Grace,17,Top,8,,Yes,0,0,,,,Up and Under - Dinosaurs,0
211418,2114 Grace,18,Top,9,,Yes,0,0,,,,Up and Under - Dinosaurs,0
211419,2114 Grace,19,Bottom,21,Regular,Yes,0,1,Double room,,Wood (Honey),Golden Stone,0
211420,2114 Grace,20,Bottom,22,Regular,Yes,0,1,Double room,,Wood (Honey),Golden 21st Century II,0
211421,2114 Grace,21,Top,19,,Yes,0,0,,,,Up and Under - Dinosaurs,0
211422,2114 Grace,22,Top,20,,Yes,0,0,,,,Up and Under - Dinosaurs,0
211501,2115 Grace,1,Bottom,10,Regular,Yes,0,1,Double room,,Wood (Oak),Regal Splendor,0
211502,2115 Grace,2,Bottom,11,Regular,Yes,0,1,Double room,,Wood (Oak),Golden Stone,0
211503,2115 Grace,3,Bottom,12,Regular,Yes,0,1,Double room,,Wood (Oak),Golden 21st Century II,0
211504,2115 Grace,4,Bottom,13,Regular,Yes,0,1,Double room,,Wood (Oak),Leader Orthopedic,0
211505,2115 Grace,5,Bottom,14,Regular,Yes,0,1,Double room,,Wood (Oak),Royaltonic Orthopedic,0
211506,2115 Grace,6,Bottom,15,Regular,Yes,0,1,Double room,,Wood (Oak),Custom Comfort Quilt Plush,1
211507,2115 Grace,7,Bottom,16,Regular,Yes,0,1,Triple room,,Wood (Oak),Custom Comfort Quilt Plush,0
211508,2115 Grace,8,Bottom,17,Regular,Yes,0,1,Triple room,,Wood (Oak),Regal Splendor,0
211509,2115 Grace,9,Bottom,18,Regular,Yes,0,1,Triple room,,Wood (Oak),Custom Comfort Quilt Plush,1
211510,2115 Grace,10,Top,1,,Yes,0,0,,,,Regal Splendor,0
211511,2115 Grace,11,Top,2,,Yes,0,0,,,,Up and Under - Dinosaurs,0
211512,2115 Grace,12,Top,3,,Yes,0,0,,,,Regal Splendor,0
211513,2115 Grace,13,Top,4,,Yes,0,0,,,,Regal Splendor,0
211514,2115 Grace,14,Top,5,,Yes,0,0,,,,Regal Splendor,0
211515,2115 Grace,15,Top,6,,Yes,0,0,,,,Custom Comfort Quilt Plush,0
211516,2115 Grace,16,Top,7,,Yes,0,0,,,,Regal Splendor,0
211517,2115 Grace,17,Top,8,,Yes,0,0,,,,Regal Splendor,0
211518,2115 Grace,18,Top,9,,Yes,0,0,,,,Regal Splendor,0
211519,2115 Grace,19,Bottom,22,Regular,Yes,0,1,Triple room,,Wood (Honey),Leader Orthopedic,0
211520,2115 Grace,20,Bottom,23,Regular,Yes,1,0,Triple room,,Wood (Honey),Golden 21st Century II,0
211521,2115 Grace,21,Bottom,24,Regular,Yes,0,1,Triple room,,Wood (Honey),Leader Orthopedic,0
211522,2115 Grace,22,Top,19,,Yes,0,0,,,,Up and Under - Dinosaurs,0
211523,2115 Grace,23,Top,20,,No,0,0,,,,n/a,0
211524,2115 Grace,24,Top,21,,Yes,0,0,,,,Up and Under - Dinosaurs,0
211601,2116 Grace,1,Bottom,10,Regular,Yes,0,1,Triple room,,Wood (Oak),Tatami,0
211602,2116 Grace,2,Bottom,11,Regular,Yes,0,1,Triple room,,Wood (Oak),Tatami,0
211625,2116 Grace,25,Bottom,26,Regular,Yes,1,0,Triple room,,Wood (Oak),Bel Aire,0
211626,2116 Grace,26,Top,25,,No,0,0,,,,n/a,0
211603,2116 Grace,3,Bottom,12,Regular,Yes,0,1,Double room,,Wood (Oak),Up and Under - Dinosaurs,0
211604,2116 Grace,4,Bottom,13,Regular,Yes,0,1,Double room,,Wood (Oak),Golden Stone,0
211605,2116 Grace,5,Bottom,14,Regular,Yes,0,1,Double room,,Wood (Oak),Custom Comfort Quilt 3,0
211606,2116 Grace,6,Bottom,15,Regular,Yes,0,1,Double room,,Wood (Oak),Custom Comfort Quilt Plush,1
211607,2116 Grace,7,Bottom,16,Regular,Yes,0,1,Triple room,,Wood (Oak),Custom Comfort Quilt Plush,1
211608,2116 Grace,8,Bottom,17,Regular,Yes,0,1,Triple room,,Wood (Oak),Regal Splendor,0
211609,2116 Grace,9,Bottom,18,Regular,Yes,0,1,Triple room,,Wood (Oak),Custom Comfort Quilt Plush,1
211610,2116 Grace,10,Top,1,,Yes,0,0,,,,Up and Under - Dinosaurs,0
211611,2116 Grace,11,Top,2,,Yes,0,0,,,,Up and Under - Blue Flowers,0
211612,2116 Grace,12,Top,3,,Yes,0,0,,,,Up and Under - Dinosaurs,0
211613,2116 Grace,13,Top,4,,Yes,0,0,,,,Up and Under - Dinosaurs,0
211614,2116 Grace,14,Top,5,,Yes,0,0,,,,Up and Under - Dinosaurs,0
211615,2116 Grace,15,Top,6,,Yes,0,0,,,,Up and Under - Dinosaurs,0
211616,2116 Grace,16,Top,7,,Yes,0,0,,,,Up and Under - Dinosaurs,0
211617,2116 Grace,17,Top,8,,Yes,0,0,,,,Up and Under - Dinosaurs,0
211618,2116 Grace,18,Top,9,,Yes,0,0,,,,Up and Under - Dinosaurs,0
211619,2116 Grace Ct. Couple,19,Queen-A,20,,Yes,0,0,Couple,,,,0
211620,2116 Grace Ct. Couple,20,Queen-B,19,,Yes,0,0,Couple,,,,0
211701,2117 Grace,1,Bottom,10,Regular,Yes,0,1,Triple room,,Wood (Oak),Custom Comfort Quilt Plush,1
211702,2117 Grace,2,Bottom,11,Regular,Yes,0,1,Triple room,,Wood (Oak),Custom Comfort Quilt 3,0
211725,2117 Grace,25,Bottom,26,Regular,Yes,1,0,Triple room,,Wood (Oak),Custom Comfort Quilt 3,0
211726,2117 Grace,26,Top,25,,No,0,0,,,,n/a,0
211703,2117 Grace,3,Bottom,12,Regular,Yes,0,1,Double room,,Wood (Oak),Up and Under - Blue Flowers,0
211704,2117 Grace,4,Bottom,13,Regular,Yes,0,1,Double room,,Wood (Oak),Leader Orthopedic,0
211705,2117 Grace,5,Bottom,14,Regular,Yes,0,1,Double room,,Wood (Oak),Golden 21st Century II,0
211706,2117 Grace,6,Bottom,15,Regular,Yes,0,1,Double room,,Wood (Oak),Golden 21st Century II,0
211707,2117 Grace,7,Bottom,16,Regular,Yes,0,1,Triple room,,Wood (Oak),Up and Under - Blue Flowers,0
211708,2117 Grace,8,Bottom,17,Regular,Yes,0,1,Triple room,,Wood (Oak),Supreme II,0
211709,2117 Grace,9,Bottom,18,Regular,Yes,0,1,Triple room,,Wood (Oak),Custom Comfort Quilt Plush,1
211710,2117 Grace,10,Top,1,,Yes,0,0,,,,Up and Under - Dinosaurs,0
211711,2117 Grace,11,Top,2,,Yes,0,0,,,,Up and Under - Blue Flowers,0
211712,2117 Grace,12,Top,3,,Yes,0,0,,,,Up and Under - Blue Flowers,0
211713,2117 Grace,13,Top,4,,Yes,0,0,,,,Up and Under - Dinosaurs,0
211714,2117 Grace,14,Top,5,,Yes,0,0,,,,Up and Under - Blue Flowers,0
211715,2117 Grace,15,Top,6,,Yes,0,0,,,,Up and Under - Dinosaurs,0
211716,2117 Grace,16,Top,7,,Yes,0,0,,,,Up and Under - Dinosaurs,0
211717,2117 Grace,17,Top,8,,Yes,0,0,,,,Regal Splendor,0
211718,2117 Grace,18,Top,9,,Yes,0,0,,,,Regal Splendor,0
211719,2117 Grace Ct. Couple,19,Queen-A,20,,Yes,0,0,Couple,,,,0
211720,2117 Grace Ct. Couple,20,Queen-B,19,,Yes,0,0,Couple,,,,0
211801,2118 Grace,1,Bottom,10,Regular,Yes,0,1,Double room,,Wood (Walnut),Leader Orthopedic,0
211802,2118 Grace,6,Bottom,11,Regular,Yes,0,1,Double room,,Wood (Walnut),Custom Comfort Quilt 3,0
211803,2118 Grace,3,Bottom,12,Regular,Yes,0,1,Double room,,Wood (Walnut),Leader Orthopedic,0
211804,2118 Grace,4,Bottom,13,Regular,Yes,0,1,Double room,,Wood (Walnut),Custom Comfort Quilt Plush,1
211805,2118 Grace,5,Bottom,14,Regular,Yes,0,1,Double room,,Wood (Walnut),Custom Comfort Quilt Plush,0
211806,2118 Grace,2,Bottom,15,Regular,Yes,0,1,Double room,,Wood (Walnut),Golden 21st Century II,0
211807,2118 Grace,7,Bottom,16,Regular,Yes,0,1,Triple room,,Wood (Walnut),Leader Orthopedic,0
211808,2118 Grace,8,Bottom,17,Regular,Yes,0,1,Triple room,,Wood (Walnut),Custom Comfort Quilt Plush,1
211809,2118 Grace,9,Bottom,18,Regular,Yes,0,1,Triple room,,Wood (Walnut),Sealy Metropolitan Extraordinaire II,0
211810,2118 Grace,10,Top,1,,Yes,0,0,,,,Up and Under - Dinosaurs,0
211811,2118 Grace,11,Top,2,,Yes,0,0,,,,Up and Under - Blue Flowers,0
211812,2118 Grace,12,Top,3,,Yes,0,0,,,,Up and Under - Blue Flowers,0
211813,2118 Grace,13,Top,4,,Yes,0,0,,,,Up and Under - Blue Flowers,0
211814,2118 Grace,14,Top,5,,Yes,0,0,,,,Up and Under - Blue Flowers,0
211815,2118 Grace,15,Top,6,,Yes,0,0,,,,Up and Under - Dinosaurs,0
211816,2118 Grace,16,Top,7,,Yes,0,0,,,,Up and Under - Blue Flowers,0
211817,2118 Grace,17,Top,8,,Yes,0,0,,,,Up and Under - Blue Flowers,0
211818,2118 Grace,18,Top,9,,Yes,0,0,,,,Regal Splendor,0
211819,2118 Grace,19,Bottom,22,Regular,Yes,0,1,Triple room,,Wood (Honey),Leader Orthopedic,0
211820,2118 Grace,20,Bottom,23,Regular,Yes,1,0,Triple room,,Wood (Honey),Custom Comfort Quilt Plush,1
211821,2118 Grace,21,Bottom,24,Regular,Yes,0,1,Triple room,,Wood (Honey),Custom Comfort Quilt 2,0
211822,2118 Grace,22,Top,19,,Yes,0,0,,,,Up and Under - Dinosaurs,0
211823,2118 Grace,23,Top,20,,No,0,0,,,,n/a,0
211824,2118 Grace,24,Top,21,,Yes,0,0,,,,Up and Under - Dinosaurs,0
211901,2119 Grace,1,Bottom,10,Regular,Yes,0,1,Double room,,Wood (Oak),Golden 21st Century II,0
211902,2119 Grace,2,Bottom,11,Regular,Yes,0,1,Double room,,Wood (Oak),Custom Comfort Quilt 3,0
211903,2119 Grace,3,Bottom,12,Regular,Yes,0,1,Double room,,Wood (Oak),Golden Stone,0
211904,2119 Grace,4,Bottom,13,Regular,Yes,0,1,Double room,,Wood (Oak),Golden Stone,0
211905,2119 Grace,5,Bottom,14,Regular,Yes,0,1,Double room,,Wood (Oak),Custom Comfort Quilt 2,0
211906,2119 Grace,6,Bottom,15,Regular,Yes,0,1,Double room,,Wood (Oak),Custom Comfort Quilt Plush,1
211907,2119 Grace,7,Bottom,16,Regular,Yes,0,1,Triple room,,Wood (Oak),Leader Orthopedic,0
211908,2119 Grace,8,Bottom,17,Regular,Yes,0,1,Triple room,,Wood (Oak),Leader Orthopedic,0
211909,2119 Grace,9,Bottom,18,Regular,Yes,0,1,Triple room,,Wood (Oak),Leader Orthopedic,0
211910,2119 Grace,10,Top,1,,Yes,0,0,,,,Up and Under - Dinosaurs,0
211911,2119 Grace,11,Top,2,,Yes,0,0,,,,Up and Under - Dinosaurs,0
211912,2119 Grace,12,Top,3,,Yes,0,0,,,,Up and Under - Dinosaurs,0
211913,2119 Grace,13,Top,4,,Yes,0,0,,,,Up and Under - Dinosaurs,0
211914,2119 Grace,14,Top,5,,Yes,0,0,,,,Up and Under - Dinosaurs,0
211915,2119 Grace,15,Top,6,,Yes,0,0,,,,Up and Under - Dinosaurs,0
211916,2119 Grace,16,Top,7,,Yes,0,0,,,,Up and Under - Dinosaurs,0
211917,2119 Grace,17,Top,8,,Yes,0,0,,,,Up and Under - Dinosaurs,0
211918,2119 Grace,18,Top,9,,Yes,0,0,,,,Up and Under - Dinosaurs,0
211919,2119 Grace,19,Bottom,21,Regular,Yes,0,1,Double room,,Wood (Honey),Golden 21st Century II,0
211920,2119 Grace,20,Bottom,22,Regular,Yes,0,1,Double room,,Wood (Honey),Vanguard Comfort Care,0
211921,2119 Grace,21,Top,19,,Yes,0,0,,,,Up and Under - Dinosaurs,0
211922,2119 Grace,22,Top,20,,Yes,0,0,,,,Up and Under - Dinosaurs,0
212001,2120 Grace,1,Bottom,10,Regular,Yes,0,1,Triple room,,Wood (Walnut Crown),Custom Comfort Quilt Plush,1
212002,2120 Grace,2,Bottom,11,Regular,Yes,0,1,Triple room,,Wood (Walnut Crown),Custom Comfort Quilt Plush,1
212025,2120 Grace,25,Bottom,26,Regular,Yes,1,0,Triple room,,Wood (Oak),Custom Comfort Quilt 3,0
212026,2120 Grace,26,Top,25,,No,0,0,,,,n/a,0
212003,2120 Grace,3,Bottom,12,Regular,Yes,0,1,Double room,,Wood (Walnut Crown),Golden 21st Century II,0
212004,2120 Grace,4,Bottom,13,Regular,Yes,0,1,Double room,,Wood (Walnut Crown),Custom Comfort Quilt Plush,1
212005,2120 Grace,5,Bottom,14,Regular,Yes,0,1,Double room,,Wood (Walnut Crown),Custom Comfort Quilt Plush,1
212006,2120 Grace,6,Bottom,15,Regular,Yes,0,1,Double room,,Wood (Walnut Crown),Leader Orthopedic,0
212007,2120 Grace,7,Bottom,16,Regular,Yes,0,1,Triple room,,Wood (Walnut Crown),Custom Comfort Quilt Plush,1
212008,2120 Grace,8,Bottom,17,Regular,Yes,0,1,Triple room,,Wood (Walnut Crown),Custom Comfort Quilt Plush,1
212009,2120 Grace,9,Bottom,18,Regular,Yes,0,0,Triple room,No bunk ladder available,Wood (Walnut Crown),Custom Comfort Quilt Plush,1
212010,2120 Grace,10,Top,1,,Yes,0,0,,,,Up and Under - Blue Flowers,0
212011,2120 Grace,11,Top,2,,Yes,0,0,,,,Up and Under - Blue Flowers,0
212012,2120 Grace,12,Top,3,,Yes,0,0,,Near ceiling fan,,Up and Under - Blue Flowers,0
212013,2120 Grace,13,Top,4,,Yes,0,0,,,,Up and Under - Blue Flowers,0
212014,2120 Grace,14,Top,5,,Yes,0,0,,,,Up and Under - Blue Flowers,0
212015,2120 Grace,15,Top,6,,Yes,0,0,,,,Up and Under - Blue Flowers,0
212016,2120 Grace,16,Top,7,,Yes,0,0,,,,Up and Under - Blue Flowers,0
212017,2120 Grace,17,Top,8,,Yes,0,0,,,,Up and Under - Blue Flowers,0
212018,2120 Grace,18,Top,9,,Yes,0,0,,,,Up and Under - Blue Flowers,0
212019,2120 Grace Ct. Couple,19,Queen-A,20,,Yes,0,0,Couple,,,,0
212020,2120 Grace Ct. Couple,20,Queen-B,19,,Yes,0,0,Couple,,,,0
212101,2121 Grace,1,Bottom,10,Regular,Yes,0,1,Triple room,,Wood (Walnut Crown),Golden Stone,0
212102,2121 Grace,2,Bottom,11,Regular,Yes,0,1,Triple room,,Wood (Walnut Crown),Custom Comfort Quilt Plush,1
212125,2121 Grace,25,Bottom,26,Regular,Yes,1,0,Triple room,,Wood (Oak),Custom Comfort Quilt Plush,0
212126,2121 Grace,26,Top,25,,No,0,0,,,,n/a,0
212103,2121 Grace,3,Bottom,12,Regular,Yes,0,1,Double room,,Wood (Walnut Crown),Custom Comfort Quilt 3,0
212104,2121 Grace,4,Bottom,13,Regular,Yes,0,1,Double room,,Wood (Walnut Crown),Custom Comfort Quilt Plush,0
212105,2121 Grace,5,Bottom,14,Regular,Yes,0,1,Double room,,Wood (Walnut Crown),Leader Orthopedic,0
212106,2121 Grace,6,Bottom,15,Regular,Yes,0,1,Double room,,Wood (Walnut Crown),Custom Comfort Quilt Plush,1
212107,2121 Grace,7,Bottom,16,Regular,Yes,0,1,Triple room,,Wood (Walnut Crown),Tatami,0
212108,2121 Grace,8,Bottom,17,Regular,Yes,0,1,Triple room,,Wood (Walnut Crown),Custom Comfort Quilt Plush,1
212109,2121 Grace,9,Bottom,18,Regular,Yes,0,0,Triple room,No bunk ladder available,Wood (Walnut Crown),Custom Comfort Quilt Plush,1
212110,2121 Grace,10,Top,1,,Yes,0,0,,,,Up and Under - Dinosaurs,0
212111,2121 Grace,11,Top,2,,Yes,0,0,,,,Up and Under - Dinosaurs,0
212112,2121 Grace,12,Top,3,,Yes,0,0,,,,Up and Under - Blue Flowers,0
212113,2121 Grace,13,Top,4,,Yes,0,0,,,,Up and Under - Blue Flowers,0
212114,2121 Grace,14,Top,5,,Yes,0,0,,,,Up and Under - Blue Flowers,0
212115,2121 Grace,15,Top,6,,Yes,0,0,,,,Up and Under - Blue Flowers,0
212116,2121 Grace,16,Top,7,,Yes,0,0,,,,Up and Under - Dinosaurs,0
212117,2121 Grace,17,Top,8,,Yes,0,0,,,,Up and Under - Blue Flowers,0
212118,2121 Grace,18,Top,9,,Yes,0,0,,,,Up and Under - Blue Flowers,0
212119,2121 Grace Ct. Couple,19,Queen-A,20,,Yes,0,0,Couple,,,,0
212120,2121 Grace Ct. Couple,20,Queen-B,19,,Yes,0,0,Couple,,,,0
214701,2147 York,1,Bottom,7,Regular,Yes,0,1,Double room,,Wood (Light Vintage),Custom Comfort Quilt Plush,1
214702,2147 York,2,Bottom,8,Regular,Yes,0,1,Double room,,Wood (Light Vintage),Custom Comfort Quilt Plush,1
214703,2147 York,3,Bottom,9,Regular,Yes,0,1,Double room,,Wood (Light Vintage),Custom Comfort Quilt Plush,1
214704,2147 York,4,Bottom,10,Regular,Yes,0,1,Double room,,Wood (Light Vintage),Custom Comfort Quilt Plush,1
214705,2147 York,5,Bottom,11,Regular,Yes,0,1,Double room,,Wood (Light Vintage),Custom Comfort Quilt Plush,1
214706,2147 York,6,Bottom,12,Regular,Yes,0,1,Double room,,Wood (Light Vintage),Custom Comfort Quilt Plush,1
214707,2147 York,7,Top,1,,Yes,0,0,,,,Foam,0
214708,2147 York,8,Top,2,,Yes,0,0,,,,Foam,0
214709,2147 York,9,Top,3,,Yes,0,0,,,,Foam,0
214710,2147 York,10,Top,4,,Yes,0,0,,,,Foam,0
214711,2147 York,11,Top,5,,Yes,0,0,,,,Foam,0
214712,2147 York,12,Top,6,,Yes,0,0,,,,Foam,0
215101,2151 Churchill,1,Bottom,9,Regular,Yes,0,1,Double room,,Wood (Light Vintage),Custom Comfort Quilt Plush,1
215102,2151 Churchill,2,Bottom,10,Regular,Yes,0,1,Double room,,Wood (Light Vintage),Custom Comfort Quilt Plush,1
215103,2151 Churchill,3,Bottom,11,Regular,Yes,0,1,Double room,,Wood (Light Vintage),Custom Comfort Quilt Plush,1
215104,2151 Churchill,4,Bottom,12,Regular,Yes,0,1,Double room,,Wood (Light Vintage),Custom Comfort Quilt Plush,1
215105,2151 Churchill,5,Bottom,13,Regular,Yes,0,1,Double room,,Wood (Light Vintage),Custom Comfort Quilt Plush,1
215106,2151 Churchill,6,Bottom,14,Regular,Yes,0,1,Double room,,Wood (Light Vintage),Custom Comfort Quilt Plush,1
215107,2151 Churchill,7,Bottom,15,Regular,Yes,0,1,Double room,,Wood (Light Vintage),Custom Comfort Quilt Plush,1
215108,2151 Churchill,8,Bottom,16,Regular,Yes,0,1,Double room,,Wood (Light Vintage),Custom Comfort Quilt Plush,1
215109,2151 Churchill,9,Top,1,,Yes,0,0,,,,Foam,0
215110,2151 Churchill,10,Top,2,,Yes,0,0,,,,Foam,0
215111,2151 Churchill,11,Top,3,,Yes,0,0,,,,Foam,0
215112,2151 Churchill,12,Top,4,,Yes,0,0,,,,Foam,0
215113,2151 Churchill,13,Top,5,,Yes,0,0,,,,Foam,0
215114,2151 Churchill,14,Top,6,,Yes,0,0,,,,Foam,0
215115,2151 Churchill,15,Top,7,,Yes,0,0,,,,Foam,0
215116,2151 Churchill,16,Top,8,,Yes,0,0,,,,Foam,0
2EHA01,Hall Apt. 2-East,1,Queen-A,2,,No,0,0,Couple,Li,,,0
2EHA02,Hall Apt. 2-East,2,Queen-B,1,,No,0,0,Couple,Li,,,0
2WHA01,Hall Apt. 2-West,1,Queen-A,2,,Yes,0,0,Couple,,Metal,Soft Dreamer,0
2WHA02,Hall Apt. 2-West,2,Queen-B,1,,No,0,0,Couple,,Metal,Soft Dreamer,0
3BAL01,Ball Apt. 3,1,Bottom,6,Regular,Yes,0,0,Double room,,Wood (Light Vintage),Custom Comfort Quilt Plush,1
3BAL02,Ball Apt. 3,2,Bottom,7,Regular,Yes,0,0,Double room,,Wood (Light Vintage),Custom Comfort Quilt Plush,1
3BAL03,Ball Apt. 3,3,Bottom,8,Regular,Yes,0,0,Double room,,Wood (Light Vintage),Custom Comfort Quilt Plush,1
3BAL04,Ball Apt. 3,4,Bottom,9,Regular,Yes,0,0,Double room,,Wood (Light Vintage),Custom Comfort Quilt Plush,1
3BAL05,Ball Apt. 3,5,Bottom,10,Regular,Yes,1,0,Single room,,Wood (Light Vintage),Custom Comfort Quilt Plush,1
3BAL06,Ball Apt. 3,6,Top,1,,Yes,0,0,,,,Foam,0
3BAL07,Ball Apt. 3,7,Top,2,,Yes,0,0,,,,Foam,0
3BAL08,Ball Apt. 3,8,Top,3,,Yes,0,0,,,,Foam,0
3BAL09,Ball Apt. 3,9,Top,4,,Yes,0,0,,,,Foam,0
3BAL10,Ball Apt. 3,10,Top,5,,No,0,0,,,,n/a,0
3EHA01,Hall Apt. 3-East,1,Queen-A,2,,No,0,0,Couple,Nungester,,,0
3EHA02,Hall Apt. 3-East,2,Queen-B,1,,No,0,0,Couple,Nungester,,,0
3WHA01,Hall Apt. 3-West,1,Queen-A,2,,No,1,0,Double room,Guests,,,0
3WHA02,Hall Apt. 3-West,2,Queen-B,1,,No,1,0,Double room,Guests,,,0
4BAL01,Ball Apt. 4,1,Bottom,6,Regular,Yes,0,0,Double room,,Wood (Light Vintage),Custom Comfort Quilt Plush,1
4BAL02,Ball Apt. 4,2,Bottom,7,Regular,Yes,0,0,Double room,,Wood (Light Vintage),Custom Comfort Quilt Plush,1
4BAL03,Ball Apt. 4,3,Bottom,8,Regular,Yes,0,0,Double room,,Wood (Light Vintage),Custom Comfort Quilt Plush,1
4BAL04,Ball Apt. 4,4,Bottom,9,Regular,Yes,0,0,Double room,,Wood (Light Vintage),Custom Comfort Quilt Plush,1
4BAL05,Ball Apt. 4,5,Bottom,10,Regular,Yes,1,0,Single room,,Wood (Light Vintage),Custom Comfort Quilt Plush,1
4BAL06,Ball Apt. 4,6,Top,1,,Yes,0,0,,,,Foam,0
4BAL07,Ball Apt. 4,7,Top,2,,Yes,0,0,,,,Foam,0
4BAL08,Ball Apt. 4,8,Top,3,,Yes,0,0,,,,Foam,0
4BAL09,Ball Apt. 4,9,Top,4,,Yes,0,0,,,,Foam,0
4BAL10,Ball Apt. 4,10,Top,5,,No,0,0,,,,n/a,0
4EHA01,Hall Apt. 4-East,1,Queen-A,2,Regular,No,1,0,Double room,Sister serving ones,Wood (Honey),Leader Orthopedic,0
4EHA02,Hall Apt. 4-East,2,Queen-B,1,Regular,No,1,0,Double room,Sister serving ones,Wood (Honey),Leader Orthopedic,0
4WHA01,Hall Apt. 4-West,1,Bottom,2,Regular,Yes,0,0,Couple,,,,0
4WHA02,Hall Apt. 4-West,2,Bottom,1,Regular,Yes,0,0,Couple,,,,0
5BAL01,Ball Apt. 5,1,Bottom,6,Regular,No,1,0,Double room,Brother serving ones,Wood (Light Vintage Irregular),Leader Orthopedic,0
5BAL02,Ball Apt. 5,2,Bottom,7,Regular,No,1,0,Double room,Brother serving ones,n/a,n/a,0
5BAL03,Ball Apt. 5,3,Bottom,8,Regular,No,1,0,Double room,Brother serving ones,Wood (Light Vintage Irregular),Personal,0
5BAL04,Ball Apt. 5,4,Bottom,9,Regular,No,0,0,Double room,Brother serving ones,Wood (Light Vintage Irregular),Leader Orthopedic,0
5BAL05,Ball Apt. 5,5,Bottom,10,Regular,No,1,0,Single room,Brother serving ones,Cot,Leader Orthopedic,0
5BAL06,Ball Apt. 5,6,Top,1,,No,0,0,,,,Foam,0
5BAL07,Ball Apt. 5,7,Top,2,,No,0,0,,,,n/a,0
5BAL08,Ball Apt. 5,8,Top,3,,No,0,0,,,,n/a,0
5BAL09,Ball Apt. 5,9,Top,4,,No,0,0,,,,n/a,0
5BAL10,Ball Apt. 5,10,Top,5,,No,0,0,,,,n/a,0
5EHA01,Hall Apt. 5-East,1,Queen-A,2,,No,1,0,Single room,Sister serving ones,,,0
5EHA02,Hall Apt. 5-East,2,Queen-B,1,,No,1,0,Single room,Sister serving ones,,,0
5WHA01,Hall Apt. 5-West,1,Queen-A,2,,Yes,0,0,Couple,,,,0
5WHA02,Hall Apt. 5-West,2,Queen-B,1,,No,0,0,Couple,,,,0
6BAL01,Ball Apt. 6,1,Bottom,6,Regular,Yes,0,0,Double room,,Wood (Light Vintage),Custom Comfort Quilt Plush,1
6BAL02,Ball Apt. 6,2,Bottom,7,Regular,Yes,0,0,Double room,,Wood (Light Vintage),Custom Comfort Quilt Plush,1
6BAL03,Ball Apt. 6,3,Bottom,8,Regular,Yes,0,0,Double room,,Wood (Light Vintage),Custom Comfort Quilt Plush,1
6BAL04,Ball Apt. 6,4,Bottom,9,Regular,Yes,0,0,Double room,,Wood (Light Vintage),Custom Comfort Quilt Plush,1
6BAL05,Ball Apt. 6,5,Bottom,10,Regular,Yes,1,0,Single room,,Wood (Light Vintage),Custom Comfort Quilt Plush,1
6BAL06,Ball Apt. 6,6,Top,1,,Yes,0,0,,,,Foam,0
6BAL07,Ball Apt. 6,7,Top,2,,Yes,0,0,,,,Foam,0
6BAL08,Ball Apt. 6,8,Top,3,,Yes,0,0,,,,Foam,0
6BAL09,Ball Apt. 6,9,Top,4,,Yes,0,0,,,,Foam,0
6BAL10,Ball Apt. 6,10,Top,5,,No,0,0,,,,n/a,0
6EHA01,Hall Apt. 6-East,1,Queen-A,2,,No,0,0,Couple,Brus,,,0
6EHA02,Hall Apt. 6-East,2,Queen-B,1,,No,0,0,Couple,Brus,,,0
6WHA01,Hall Apt. 6-West,1,Queen-A,2,,Yes,0,0,Couple,,,,0
6WHA02,Hall Apt. 6-West,2,Queen-B,1,,Yes,0,0,Couple,,,,0
7WHA01,Hall Apt. 7-West,1,Bottom,2,,No,1,0,Single room,Sister serving ones,,,0
7WHA02,Hall Apt. 7-West,2,Bottom,1,,No,1,0,Single room,Sister serving ones,,,0
8WHA01,Hall Apt. 8-West,1,Bottom,2,,No,1,0,Single room,Sister serving ones,,,0
8WHA02,Hall Apt. 8-West,2,Bottom,1,,No,1,0,Single room,Sister serving ones,,,0
